-- Database Client 8.4.2
-- Host: 127.0.0.1 Port: 3306 Database: nhetdien 
-- Dump is still an early version, please use the dumped SQL with caution

/*!40101 SET NAMES utf8 */;
/*!40014 SET FOREIGN_KEY_CHECKS=0 */;
/*!40101 SET SQL_MODE='NO_AUTO_VALUE_ON_ZERO' */;
/*!40111 SET SQL_NOTES=0 */;
CREATE TABLE IF NOT EXISTS `admin_role` (
  `id` bigint unsigned NOT NULL AUTO_INCREMENT,
  `admin_id` bigint unsigned NOT NULL,
  `role_id` bigint unsigned NOT NULL,
  `assigned_at` date NOT NULL DEFAULT '2025-11-04',
  `expires_at` date DEFAULT NULL,
  `created_at` timestamp NULL DEFAULT NULL,
  `updated_at` timestamp NULL DEFAULT NULL,
  PRIMARY KEY (`id`),
  UNIQUE KEY `admin_role_admin_id_role_id_unique` (`admin_id`,`role_id`),
  KEY `admin_role_role_id_foreign` (`role_id`),
  CONSTRAINT `admin_role_admin_id_foreign` FOREIGN KEY (`admin_id`) REFERENCES `admins` (`id`) ON DELETE CASCADE,
  CONSTRAINT `admin_role_role_id_foreign` FOREIGN KEY (`role_id`) REFERENCES `roles` (`id`) ON DELETE CASCADE
) ENGINE=InnoDB DEFAULT CHARSET=utf8mb4 COLLATE=utf8mb4_unicode_ci;

CREATE TABLE IF NOT EXISTS `admins` (
  `id` bigint unsigned NOT NULL AUTO_INCREMENT,
  `name` varchar(255) COLLATE utf8mb4_unicode_ci NOT NULL,
  `email` varchar(255) COLLATE utf8mb4_unicode_ci NOT NULL,
  `email_verified_at` timestamp NULL DEFAULT NULL,
  `password` varchar(255) COLLATE utf8mb4_unicode_ci NOT NULL,
  `remember_token` varchar(100) COLLATE utf8mb4_unicode_ci DEFAULT NULL,
  `avatar` varchar(255) COLLATE utf8mb4_unicode_ci DEFAULT NULL,
  `is_active` tinyint(1) NOT NULL DEFAULT '1',
  `created_at` timestamp NULL DEFAULT NULL,
  `updated_at` timestamp NULL DEFAULT NULL,
  PRIMARY KEY (`id`),
  UNIQUE KEY `admins_email_unique` (`email`)
) ENGINE=InnoDB AUTO_INCREMENT=2 DEFAULT CHARSET=utf8mb4 COLLATE=utf8mb4_unicode_ci;

CREATE TABLE IF NOT EXISTS `dividend_records` (
  `id` bigint unsigned NOT NULL AUTO_INCREMENT,
  `dividend_id` bigint unsigned NOT NULL,
  `non_deposited_shares_quantity` bigint NOT NULL DEFAULT '0' COMMENT 'Số lượng chứng khoán chưa lưu ký',
  `deposited_shares_quantity` bigint NOT NULL DEFAULT '0' COMMENT 'Số lượng chứng khoán đã lưu ký',
  `non_deposited_amount_before_tax` decimal(15,2) NOT NULL DEFAULT '0.00' COMMENT 'Số tiền thanh toán trước thuế (chưa lưu ký)',
  `deposited_amount_before_tax` decimal(15,2) NOT NULL DEFAULT '0.00' COMMENT 'Số tiền thanh toán trước thuế (đã lưu ký)',
  `non_deposited_personal_income_tax` decimal(15,2) NOT NULL DEFAULT '0.00' COMMENT 'Thuế thu nhập cá nhân (chưa lưu ký)',
  `deposited_personal_income_tax` decimal(15,2) NOT NULL DEFAULT '0.00' COMMENT 'Thuế thu nhập cá nhân (đã lưu ký)',
  `dividend_price_per_share` decimal(15,2) NOT NULL DEFAULT '10000.00' COMMENT 'Giá của 1 cổ phiếu khi chia cổ tức',
  `dividend_percentage` decimal(5,4) NOT NULL DEFAULT '0.0000' COMMENT 'Phần trăm cổ tức',
  `payment_date` date DEFAULT NULL COMMENT 'Ngày thanh toán cổ tức',
  `account_number` varchar(255) COLLATE utf8mb4_unicode_ci DEFAULT NULL COMMENT 'Số tài khoản ngân hàng',
  `bank_name` varchar(255) COLLATE utf8mb4_unicode_ci DEFAULT NULL COMMENT 'Tên ngân hàng',
  `notes` text COLLATE utf8mb4_unicode_ci COMMENT 'Ghi chú',
  `created_at` timestamp NULL DEFAULT NULL,
  `updated_at` timestamp NULL DEFAULT NULL,
  `payment_status` enum('unpaid','paid_not_deposited','paid_deposited','paid_both') COLLATE utf8mb4_unicode_ci NOT NULL DEFAULT 'unpaid' COMMENT 'Trạng thái trả tiền cổ tức: unpaid (chưa trả), paid_not_deposited (đã trả cho cổ tức chưa lưu ký), paid_deposited (đã trả cho cổ tức đã lưu ký), paid_both (đã trả cả 2)',
  `transfer_date` datetime DEFAULT NULL COMMENT 'Thời gian chuyển tiền',
  PRIMARY KEY (`id`),
  KEY `dividend_records_dividend_id_index` (`dividend_id`),
  KEY `dividend_records_payment_date_index` (`payment_date`),
  CONSTRAINT `dividend_records_dividend_id_foreign` FOREIGN KEY (`dividend_id`) REFERENCES `dividends` (`id`) ON DELETE CASCADE
) ENGINE=InnoDB AUTO_INCREMENT=42 DEFAULT CHARSET=utf8mb4 COLLATE=utf8mb4_unicode_ci;

CREATE TABLE IF NOT EXISTS `dividends` (
  `id` bigint unsigned NOT NULL AUTO_INCREMENT,
  `full_name` varchar(255) COLLATE utf8mb4_unicode_ci NOT NULL COMMENT 'Họ và tên',
  `sid` varchar(255) COLLATE utf8mb4_unicode_ci DEFAULT NULL COMMENT 'Mã định dạng NĐT (SID)',
  `investor_code` varchar(255) COLLATE utf8mb4_unicode_ci DEFAULT NULL COMMENT 'Mã nhà đầu tư (Investor code)',
  `registration_number` varchar(255) COLLATE utf8mb4_unicode_ci NOT NULL COMMENT 'Số ĐKSH',
  `issue_date` date NOT NULL COMMENT 'Ngày cấp',
  `address` text COLLATE utf8mb4_unicode_ci NOT NULL COMMENT 'Địa chỉ',
  `email` varchar(255) COLLATE utf8mb4_unicode_ci DEFAULT NULL COMMENT 'Email',
  `phone` varchar(255) COLLATE utf8mb4_unicode_ci DEFAULT NULL COMMENT 'Điện thoại',
  `nationality` varchar(255) COLLATE utf8mb4_unicode_ci NOT NULL DEFAULT 'Việt Nam' COMMENT 'Quốc tịch',
  `cntc` varchar(255) COLLATE utf8mb4_unicode_ci DEFAULT NULL COMMENT 'Phân loại Cá nhân hay Tổ chức (CNTC)',
  `txnum` varchar(255) COLLATE utf8mb4_unicode_ci DEFAULT NULL COMMENT 'Mã giao dịch (TXNUM)',
  `notes` text COLLATE utf8mb4_unicode_ci COMMENT 'Ghi chú',
  `bank_account` varchar(255) COLLATE utf8mb4_unicode_ci DEFAULT NULL COMMENT 'Số tài khoản ngân hàng',
  `bank_name` varchar(255) COLLATE utf8mb4_unicode_ci DEFAULT NULL COMMENT 'Tên ngân hàng',
  `created_at` timestamp NULL DEFAULT NULL,
  `updated_at` timestamp NULL DEFAULT NULL,
  PRIMARY KEY (`id`),
  KEY `dividends_full_name_index` (`full_name`),
  KEY `dividends_cntc_index` (`cntc`),
  KEY `dividends_txnum_index` (`txnum`)
) ENGINE=InnoDB AUTO_INCREMENT=42 DEFAULT CHARSET=utf8mb4 COLLATE=utf8mb4_unicode_ci;

CREATE TABLE IF NOT EXISTS `failed_jobs` (
  `id` bigint unsigned NOT NULL AUTO_INCREMENT,
  `uuid` varchar(255) COLLATE utf8mb4_unicode_ci NOT NULL,
  `connection` text COLLATE utf8mb4_unicode_ci NOT NULL,
  `queue` text COLLATE utf8mb4_unicode_ci NOT NULL,
  `payload` longtext COLLATE utf8mb4_unicode_ci NOT NULL,
  `exception` longtext COLLATE utf8mb4_unicode_ci NOT NULL,
  `failed_at` timestamp NOT NULL DEFAULT CURRENT_TIMESTAMP,
  PRIMARY KEY (`id`),
  UNIQUE KEY `failed_jobs_uuid_unique` (`uuid`)
) ENGINE=InnoDB DEFAULT CHARSET=utf8mb4 COLLATE=utf8mb4_unicode_ci;

CREATE TABLE IF NOT EXISTS `land_rental_contracts` (
  `id` bigint unsigned NOT NULL AUTO_INCREMENT,
  `contract_number` varchar(255) COLLATE utf8mb4_unicode_ci NOT NULL COMMENT 'Số hợp đồng',
  `contract_file_path` varchar(255) COLLATE utf8mb4_unicode_ci DEFAULT NULL COMMENT 'Đường dẫn file scan hợp đồng',
  `rental_decision` varchar(255) COLLATE utf8mb4_unicode_ci DEFAULT NULL COMMENT 'Quyết định cho thuê đất',
  `rental_decision_file_name` varchar(255) COLLATE utf8mb4_unicode_ci DEFAULT NULL COMMENT 'Tên file quyết định thuê đất',
  `rental_decision_file_path` varchar(255) COLLATE utf8mb4_unicode_ci DEFAULT NULL COMMENT 'Đường dẫn file scan quyết định thuê',
  `rental_zone` varchar(255) COLLATE utf8mb4_unicode_ci DEFAULT NULL COMMENT 'Vùng/khu vực thuê',
  `rental_location` varchar(255) COLLATE utf8mb4_unicode_ci DEFAULT NULL COMMENT 'Vị trí thuê đất',
  `rental_purpose` varchar(255) COLLATE utf8mb4_unicode_ci DEFAULT NULL COMMENT 'Mục đích thuê đất',
  `export_tax` decimal(5,4) NOT NULL DEFAULT '0.0300' COMMENT 'Thuế xuất (mặc định 0.03)',
  `land_tax_price` decimal(15,2) NOT NULL DEFAULT '0.00' COMMENT 'Phí thuê đất (mặc định 0)',
  `area` json DEFAULT NULL COMMENT 'Thông tin diện tích (JSON)',
  `rental_period` json DEFAULT NULL COMMENT 'Thông tin thời gian thuê (JSON)',
  `notes` text COLLATE utf8mb4_unicode_ci COMMENT 'Ghi chú/chú thích',
  `created_at` timestamp NULL DEFAULT NULL,
  `updated_at` timestamp NULL DEFAULT NULL,
  PRIMARY KEY (`id`),
  UNIQUE KEY `land_rental_contracts_contract_number_unique` (`contract_number`)
) ENGINE=InnoDB AUTO_INCREMENT=3 DEFAULT CHARSET=utf8mb4 COLLATE=utf8mb4_unicode_ci;

CREATE TABLE IF NOT EXISTS `land_rental_payment_histories` (
  `id` bigint unsigned NOT NULL AUTO_INCREMENT,
  `land_rental_contract_id` bigint unsigned NOT NULL,
  `period` tinyint NOT NULL COMMENT 'Kỳ nộp (1 hoặc 2)',
  `payment_type` tinyint NOT NULL COMMENT 'Loại nộp: 1-nộp trước, 2-nộp đúng hạn, 3-miễn giảm',
  `amount` decimal(15,2) NOT NULL COMMENT 'Số tiền nộp',
  `payment_date` date NOT NULL COMMENT 'Ngày nộp tiền',
  `notes` text COLLATE utf8mb4_unicode_ci COMMENT 'Ghi chú',
  `created_at` timestamp NULL DEFAULT NULL,
  `updated_at` timestamp NULL DEFAULT NULL,
  PRIMARY KEY (`id`),
  KEY `land_rental_payment_histories_land_rental_contract_id_foreign` (`land_rental_contract_id`),
  CONSTRAINT `land_rental_payment_histories_land_rental_contract_id_foreign` FOREIGN KEY (`land_rental_contract_id`) REFERENCES `land_rental_contracts` (`id`) ON DELETE CASCADE
) ENGINE=InnoDB AUTO_INCREMENT=3 DEFAULT CHARSET=utf8mb4 COLLATE=utf8mb4_unicode_ci;

CREATE TABLE IF NOT EXISTS `land_rental_prices` (
  `id` bigint unsigned NOT NULL AUTO_INCREMENT,
  `land_rental_contract_id` bigint unsigned NOT NULL,
  `price_decision` varchar(255) COLLATE utf8mb4_unicode_ci DEFAULT NULL COMMENT 'Quyết định giá thuê đất',
  `price_decision_file_path` varchar(255) COLLATE utf8mb4_unicode_ci DEFAULT NULL COMMENT 'Đường dẫn file scan quyết định giá thuê đất',
  `price_period` json DEFAULT NULL COMMENT 'Thời gian áp dụng giá thuê (JSON)',
  `rental_price` decimal(15,2) NOT NULL COMMENT 'Giá thuê đất',
  `note` varchar(255) COLLATE utf8mb4_unicode_ci DEFAULT NULL COMMENT 'Ghi chú về giá thuê đất',
  `created_at` timestamp NULL DEFAULT NULL,
  `updated_at` timestamp NULL DEFAULT NULL,
  PRIMARY KEY (`id`),
  KEY `land_rental_prices_land_rental_contract_id_foreign` (`land_rental_contract_id`),
  CONSTRAINT `land_rental_prices_land_rental_contract_id_foreign` FOREIGN KEY (`land_rental_contract_id`) REFERENCES `land_rental_contracts` (`id`) ON DELETE CASCADE
) ENGINE=InnoDB AUTO_INCREMENT=6 DEFAULT CHARSET=utf8mb4 COLLATE=utf8mb4_unicode_ci;

CREATE TABLE IF NOT EXISTS `migrations` (
  `id` int unsigned NOT NULL AUTO_INCREMENT,
  `migration` varchar(255) COLLATE utf8mb4_unicode_ci NOT NULL,
  `batch` int NOT NULL,
  PRIMARY KEY (`id`)
) ENGINE=InnoDB AUTO_INCREMENT=14 DEFAULT CHARSET=utf8mb4 COLLATE=utf8mb4_unicode_ci;

CREATE TABLE IF NOT EXISTS `password_reset_tokens` (
  `email` varchar(255) COLLATE utf8mb4_unicode_ci NOT NULL,
  `token` varchar(255) COLLATE utf8mb4_unicode_ci NOT NULL,
  `created_at` timestamp NULL DEFAULT NULL,
  PRIMARY KEY (`email`)
) ENGINE=InnoDB DEFAULT CHARSET=utf8mb4 COLLATE=utf8mb4_unicode_ci;

CREATE TABLE IF NOT EXISTS `permissions` (
  `id` bigint unsigned NOT NULL AUTO_INCREMENT,
  `name` varchar(255) COLLATE utf8mb4_unicode_ci NOT NULL,
  `slug` varchar(255) COLLATE utf8mb4_unicode_ci NOT NULL,
  `description` varchar(255) COLLATE utf8mb4_unicode_ci DEFAULT NULL,
  `icon` varchar(255) COLLATE utf8mb4_unicode_ci DEFAULT NULL,
  `created_at` timestamp NULL DEFAULT NULL,
  `updated_at` timestamp NULL DEFAULT NULL,
  PRIMARY KEY (`id`),
  UNIQUE KEY `permissions_name_unique` (`name`),
  UNIQUE KEY `permissions_slug_unique` (`slug`)
) ENGINE=InnoDB DEFAULT CHARSET=utf8mb4 COLLATE=utf8mb4_unicode_ci;

CREATE TABLE IF NOT EXISTS `personal_access_tokens` (
  `id` bigint unsigned NOT NULL AUTO_INCREMENT,
  `tokenable_type` varchar(255) COLLATE utf8mb4_unicode_ci NOT NULL,
  `tokenable_id` bigint unsigned NOT NULL,
  `name` varchar(255) COLLATE utf8mb4_unicode_ci NOT NULL,
  `token` varchar(64) COLLATE utf8mb4_unicode_ci NOT NULL,
  `abilities` text COLLATE utf8mb4_unicode_ci,
  `last_used_at` timestamp NULL DEFAULT NULL,
  `expires_at` timestamp NULL DEFAULT NULL,
  `created_at` timestamp NULL DEFAULT NULL,
  `updated_at` timestamp NULL DEFAULT NULL,
  PRIMARY KEY (`id`),
  UNIQUE KEY `personal_access_tokens_token_unique` (`token`),
  KEY `personal_access_tokens_tokenable_type_tokenable_id_index` (`tokenable_type`,`tokenable_id`)
) ENGINE=InnoDB DEFAULT CHARSET=utf8mb4 COLLATE=utf8mb4_unicode_ci;

CREATE TABLE IF NOT EXISTS `role_permission` (
  `id` bigint unsigned NOT NULL AUTO_INCREMENT,
  `role_id` bigint unsigned NOT NULL,
  `permission_id` bigint unsigned NOT NULL,
  `created_at` timestamp NULL DEFAULT NULL,
  `updated_at` timestamp NULL DEFAULT NULL,
  PRIMARY KEY (`id`),
  UNIQUE KEY `role_permission_role_id_permission_id_unique` (`role_id`,`permission_id`),
  KEY `role_permission_permission_id_foreign` (`permission_id`),
  CONSTRAINT `role_permission_permission_id_foreign` FOREIGN KEY (`permission_id`) REFERENCES `permissions` (`id`) ON DELETE CASCADE,
  CONSTRAINT `role_permission_role_id_foreign` FOREIGN KEY (`role_id`) REFERENCES `roles` (`id`) ON DELETE CASCADE
) ENGINE=InnoDB DEFAULT CHARSET=utf8mb4 COLLATE=utf8mb4_unicode_ci;

CREATE TABLE IF NOT EXISTS `roles` (
  `id` bigint unsigned NOT NULL AUTO_INCREMENT,
  `name` varchar(255) COLLATE utf8mb4_unicode_ci NOT NULL,
  `slug` varchar(255) COLLATE utf8mb4_unicode_ci NOT NULL,
  `description` varchar(255) COLLATE utf8mb4_unicode_ci DEFAULT NULL,
  `is_active` tinyint(1) NOT NULL DEFAULT '1',
  `created_at` timestamp NULL DEFAULT NULL,
  `updated_at` timestamp NULL DEFAULT NULL,
  PRIMARY KEY (`id`),
  UNIQUE KEY `roles_name_unique` (`name`),
  UNIQUE KEY `roles_slug_unique` (`slug`)
) ENGINE=InnoDB DEFAULT CHARSET=utf8mb4 COLLATE=utf8mb4_unicode_ci;

CREATE TABLE IF NOT EXISTS `securities_management` (
  `id` bigint unsigned NOT NULL AUTO_INCREMENT,
  `full_name` varchar(255) COLLATE utf8mb4_unicode_ci NOT NULL COMMENT 'Họ và tên',
  `sid` varchar(255) COLLATE utf8mb4_unicode_ci DEFAULT NULL COMMENT 'Mã định dạng NĐT (SID)',
  `investor_code` varchar(255) COLLATE utf8mb4_unicode_ci DEFAULT NULL COMMENT 'Mã nhà đầu tư (Investor code)',
  `registration_number` varchar(255) COLLATE utf8mb4_unicode_ci NOT NULL COMMENT 'Số ĐKSH',
  `issue_date` date NOT NULL COMMENT 'Ngày cấp',
  `address` text COLLATE utf8mb4_unicode_ci NOT NULL COMMENT 'Địa chỉ',
  `email` varchar(255) COLLATE utf8mb4_unicode_ci DEFAULT NULL COMMENT 'Email',
  `phone` varchar(255) COLLATE utf8mb4_unicode_ci DEFAULT NULL COMMENT 'Điện thoại',
  `nationality` varchar(255) COLLATE utf8mb4_unicode_ci NOT NULL DEFAULT 'Việt Nam' COMMENT 'Quốc tịch',
  `not_deposited_quantity` bigint NOT NULL DEFAULT '0' COMMENT 'Chưa lưu ký (số lượng)',
  `deposited_quantity` bigint NOT NULL DEFAULT '0' COMMENT 'Lưu ký (số lượng)',
  `slqmpb_chualk` bigint NOT NULL DEFAULT '0' COMMENT 'Số lượng quyền mua chưa lưu ký (SLQMPB_CHUALK)',
  `slqmpb_dalk` bigint NOT NULL DEFAULT '0' COMMENT 'Số lượng quyền mua đã lưu ký (SLQMPB_DALK)',
  `cntc` varchar(255) COLLATE utf8mb4_unicode_ci DEFAULT NULL COMMENT 'Phân loại Cá nhân hay Tổ chức (CNTC)',
  `txnum` varchar(255) COLLATE utf8mb4_unicode_ci DEFAULT NULL COMMENT 'Mã giao dịch (TXNUM)',
  `notes` text COLLATE utf8mb4_unicode_ci COMMENT 'Ghi chú',
  `bank_account` varchar(255) COLLATE utf8mb4_unicode_ci DEFAULT NULL COMMENT 'Số tài khoản ngân hàng',
  `bank_name` varchar(255) COLLATE utf8mb4_unicode_ci DEFAULT NULL COMMENT 'Tên ngân hàng',
  `created_at` timestamp NULL DEFAULT NULL,
  `updated_at` timestamp NULL DEFAULT NULL,
  PRIMARY KEY (`id`),
  KEY `securities_management_full_name_index` (`full_name`),
  KEY `securities_management_not_deposited_quantity_index` (`not_deposited_quantity`),
  KEY `securities_management_deposited_quantity_index` (`deposited_quantity`),
  KEY `securities_management_slqmpb_chualk_index` (`slqmpb_chualk`),
  KEY `securities_management_slqmpb_dalk_index` (`slqmpb_dalk`),
  KEY `securities_management_cntc_index` (`cntc`),
  KEY `securities_management_txnum_index` (`txnum`)
) ENGINE=InnoDB AUTO_INCREMENT=63 DEFAULT CHARSET=utf8mb4 COLLATE=utf8mb4_unicode_ci;

CREATE TABLE IF NOT EXISTS `settings` (
  `id` bigint unsigned NOT NULL AUTO_INCREMENT,
  `title_excel` varchar(255) COLLATE utf8mb4_unicode_ci DEFAULT NULL,
  `column_name` varchar(255) COLLATE utf8mb4_unicode_ci DEFAULT NULL,
  `table` varchar(255) COLLATE utf8mb4_unicode_ci DEFAULT NULL,
  `des` text COLLATE utf8mb4_unicode_ci,
  `created_at` timestamp NULL DEFAULT NULL,
  `updated_at` timestamp NULL DEFAULT NULL,
  PRIMARY KEY (`id`)
) ENGINE=InnoDB AUTO_INCREMENT=17 DEFAULT CHARSET=utf8mb4 COLLATE=utf8mb4_unicode_ci;

CREATE TABLE IF NOT EXISTS `users` (
  `id` bigint unsigned NOT NULL AUTO_INCREMENT,
  `name` varchar(255) COLLATE utf8mb4_unicode_ci NOT NULL,
  `email` varchar(255) COLLATE utf8mb4_unicode_ci NOT NULL,
  `email_verified_at` timestamp NULL DEFAULT NULL,
  `password` varchar(255) COLLATE utf8mb4_unicode_ci NOT NULL,
  `remember_token` varchar(100) COLLATE utf8mb4_unicode_ci DEFAULT NULL,
  `created_at` timestamp NULL DEFAULT NULL,
  `updated_at` timestamp NULL DEFAULT NULL,
  PRIMARY KEY (`id`),
  UNIQUE KEY `users_email_unique` (`email`)
) ENGINE=InnoDB DEFAULT CHARSET=utf8mb4 COLLATE=utf8mb4_unicode_ci;


INSERT INTO admins(id,name,email,email_verified_at,password,remember_token,avatar,is_active,created_at,updated_at) VALUES('1','''Super Admin''','''superadmin@example.com''','''2025-11-04 00:41:50''','''$2y$12$f9zw1Q/LTyxr3g62Fe300uZSlYTHsLjDZwUzg3HMXSDtt3Sz9W22G''','NULL','NULL','1','''2025-11-04 00:41:50''','''2025-11-04 00:41:50''');

INSERT INTO dividend_records(id,dividend_id,non_deposited_shares_quantity,deposited_shares_quantity,non_deposited_amount_before_tax,deposited_amount_before_tax,non_deposited_personal_income_tax,deposited_personal_income_tax,dividend_price_per_share,dividend_percentage,payment_date,account_number,bank_name,notes,created_at,updated_at,payment_status,transfer_date) VALUES('1','1','20','20','4000.00','4000.00','200.00','200.00','10000.00','2.0000','''2025-11-04''','NULL','NULL','NULL','''2025-11-04 02:39:46''','''2025-11-04 02:39:46''','''paid_deposited''','NULL'),('2','2','500','0','100000.00','0.00','5000.00','0.00','10000.00','2.0000','''2025-11-04''','NULL','NULL','NULL','''2025-11-04 02:39:46''','''2025-11-04 02:39:46''','''unpaid''','NULL'),('3','3','31100','0','6220000.00','0.00','311000.00','0.00','10000.00','2.0000','''2025-11-04''','NULL','NULL','NULL','''2025-11-04 02:39:46''','''2025-11-04 02:39:46''','''unpaid''','NULL'),('4','4','100','0','20000.00','0.00','1000.00','0.00','10000.00','2.0000','''2025-11-04''','NULL','NULL','NULL','''2025-11-04 02:39:46''','''2025-11-04 02:39:46''','''unpaid''','NULL'),('5','5','9','0','1800.00','0.00','90.00','0.00','10000.00','2.0000','''2025-11-04''','NULL','NULL','NULL','''2025-11-04 02:39:46''','''2025-11-04 02:39:46''','''unpaid''','NULL'),('6','6','2200','0','440000.00','0.00','22000.00','0.00','10000.00','2.0000','''2025-11-04''','NULL','NULL','NULL','''2025-11-04 02:39:46''','''2025-11-04 02:39:46''','''unpaid''','NULL'),('7','7','5000','0','1000000.00','0.00','50000.00','0.00','10000.00','2.0000','''2025-11-04''','NULL','NULL','NULL','''2025-11-04 02:39:46''','''2025-11-04 02:39:46''','''unpaid''','NULL'),('8','8','4000','0','800000.00','0.00','40000.00','0.00','10000.00','2.0000','''2025-11-04''','NULL','NULL','NULL','''2025-11-04 02:39:46''','''2025-11-04 02:39:46''','''unpaid''','NULL'),('9','9','0','744','0.00','148800.00','0.00','7440.00','10000.00','2.0000','''2025-11-04''','NULL','NULL','NULL','''2025-11-04 02:39:46''','''2025-11-04 02:39:46''','''unpaid''','NULL'),('10','10','0','400','0.00','80000.00','0.00','4000.00','10000.00','2.0000','''2025-11-04''','NULL','NULL','NULL','''2025-11-04 02:39:46''','''2025-11-04 02:39:46''','''unpaid''','NULL'),('11','11','0','300','0.00','60000.00','0.00','3000.00','10000.00','2.0000','''2025-11-04''','NULL','NULL','NULL','''2025-11-04 02:39:46''','''2025-11-04 02:39:46''','''unpaid''','NULL'),('12','12','0','2700','0.00','540000.00','0.00','27000.00','10000.00','2.0000','''2025-11-04''','NULL','NULL','NULL','''2025-11-04 02:39:46''','''2025-11-04 02:39:46''','''unpaid''','NULL'),('13','13','0','9400','0.00','1880000.00','0.00','94000.00','10000.00','2.0000','''2025-11-04''','NULL','NULL','NULL','''2025-11-04 02:39:46''','''2025-11-04 02:39:46''','''unpaid''','NULL'),('14','14','0','500','0.00','100000.00','0.00','5000.00','10000.00','2.0000','''2025-11-04''','NULL','NULL','NULL','''2025-11-04 02:39:46''','''2025-11-04 02:39:46''','''unpaid''','NULL'),('15','15','0','74300','0.00','14860000.00','0.00','743000.00','10000.00','2.0000','''2025-11-04''','NULL','NULL','NULL','''2025-11-04 02:39:46''','''2025-11-04 02:39:46''','''unpaid''','NULL'),('16','16','0','300','0.00','60000.00','0.00','3000.00','10000.00','2.0000','''2025-11-04''','NULL','NULL','NULL','''2025-11-04 02:39:46''','''2025-11-04 02:39:46''','''unpaid''','NULL'),('17','17','0','2500','0.00','500000.00','0.00','25000.00','10000.00','2.0000','''2025-11-04''','NULL','NULL','NULL','''2025-11-04 02:39:46''','''2025-11-04 02:39:46''','''unpaid''','NULL'),('18','18','0','3000','0.00','600000.00','0.00','30000.00','10000.00','2.0000','''2025-11-04''','NULL','NULL','NULL','''2025-11-04 02:39:46''','''2025-11-04 02:39:46''','''unpaid''','NULL'),('19','19','0','3000','0.00','600000.00','0.00','30000.00','10000.00','2.0000','''2025-11-04''','NULL','NULL','NULL','''2025-11-04 02:39:46''','''2025-11-04 02:39:46''','''unpaid''','NULL'),('20','20','0','4500','0.00','900000.00','0.00','45000.00','10000.00','2.0000','''2025-11-04''','NULL','NULL','NULL','''2025-11-04 02:39:46''','''2025-11-04 02:39:46''','''unpaid''','NULL'),('21','21','0','100','0.00','20000.00','0.00','1000.00','10000.00','2.0000','''2025-11-04''','NULL','NULL','NULL','''2025-11-04 02:39:46''','''2025-11-04 02:39:46''','''unpaid''','NULL'),('22','22','0','1000','0.00','200000.00','0.00','10000.00','10000.00','2.0000','''2025-11-04''','NULL','NULL','NULL','''2025-11-04 02:39:46''','''2025-11-04 02:39:46''','''unpaid''','NULL'),('23','23','0','300','0.00','60000.00','0.00','3000.00','10000.00','2.0000','''2025-11-04''','NULL','NULL','NULL','''2025-11-04 02:39:46''','''2025-11-04 02:39:46''','''unpaid''','NULL'),('24','24','0','100','0.00','20000.00','0.00','1000.00','10000.00','2.0000','''2025-11-04''','NULL','NULL','NULL','''2025-11-04 02:39:46''','''2025-11-04 02:39:46''','''unpaid''','NULL'),('25','25','0','200','0.00','40000.00','0.00','2000.00','10000.00','2.0000','''2025-11-04''','NULL','NULL','NULL','''2025-11-04 02:39:46''','''2025-11-04 02:39:46''','''unpaid''','NULL'),('26','26','0','91600','0.00','18320000.00','0.00','916000.00','10000.00','2.0000','''2025-11-04''','NULL','NULL','NULL','''2025-11-04 02:39:46''','''2025-11-04 02:39:46''','''unpaid''','NULL'),('27','27','0','100','0.00','20000.00','0.00','1000.00','10000.00','2.0000','''2025-11-04''','NULL','NULL','NULL','''2025-11-04 02:39:46''','''2025-11-04 02:39:46''','''unpaid''','NULL'),('28','28','0','2000','0.00','400000.00','0.00','20000.00','10000.00','2.0000','''2025-11-04''','NULL','NULL','NULL','''2025-11-04 02:39:46''','''2025-11-04 02:39:46''','''unpaid''','NULL'),('29','29','0','1000','0.00','200000.00','0.00','10000.00','10000.00','2.0000','''2025-11-04''','NULL','NULL','NULL','''2025-11-04 02:39:46''','''2025-11-04 02:39:46''','''unpaid''','NULL'),('30','30','0','2000','0.00','400000.00','0.00','20000.00','10000.00','2.0000','''2025-11-04''','NULL','NULL','NULL','''2025-11-04 02:39:46''','''2025-11-04 02:39:46''','''unpaid''','NULL'),('31','31','0','4000','0.00','800000.00','0.00','40000.00','10000.00','2.0000','''2025-11-04''','NULL','NULL','NULL','''2025-11-04 02:39:46''','''2025-11-04 02:39:46''','''unpaid''','NULL'),('32','32','0','1800','0.00','360000.00','0.00','18000.00','10000.00','2.0000','''2025-11-04''','NULL','NULL','NULL','''2025-11-04 02:39:46''','''2025-11-04 02:39:46''','''unpaid''','NULL'),('33','33','0','5100','0.00','1020000.00','0.00','51000.00','10000.00','2.0000','''2025-11-04''','NULL','NULL','NULL','''2025-11-04 02:39:46''','''2025-11-04 02:39:46''','''unpaid''','NULL'),('34','34','0','2000','0.00','400000.00','0.00','20000.00','10000.00','2.0000','''2025-11-04''','NULL','NULL','NULL','''2025-11-04 02:39:46''','''2025-11-04 02:39:46''','''unpaid''','NULL'),('35','35','0','4500','0.00','900000.00','0.00','45000.00','10000.00','2.0000','''2025-11-04''','NULL','NULL','NULL','''2025-11-04 02:39:46''','''2025-11-04 02:39:46''','''unpaid''','NULL'),('36','36','0','1000','0.00','200000.00','0.00','10000.00','10000.00','2.0000','''2025-11-04''','NULL','NULL','NULL','''2025-11-04 02:39:46''','''2025-11-04 02:39:46''','''unpaid''','NULL'),('37','37','0','700','0.00','140000.00','0.00','7000.00','10000.00','2.0000','''2025-11-04''','NULL','NULL','NULL','''2025-11-04 02:39:46''','''2025-11-04 02:39:46''','''unpaid''','NULL'),('38','38','0','1000','0.00','200000.00','0.00','10000.00','10000.00','2.0000','''2025-11-04''','NULL','NULL','NULL','''2025-11-04 02:39:46''','''2025-11-04 02:39:46''','''unpaid''','NULL'),('39','39','0','100','0.00','20000.00','0.00','1000.00','10000.00','2.0000','''2025-11-04''','NULL','NULL','NULL','''2025-11-04 02:39:46''','''2025-11-04 02:39:46''','''unpaid''','NULL'),('40','40','0','1000','0.00','200000.00','0.00','10000.00','10000.00','2.0000','''2025-11-04''','NULL','NULL','NULL','''2025-11-04 02:39:46''','''2025-11-04 02:39:46''','''unpaid''','NULL'),('41','41','0','2000','0.00','400000.00','0.00','20000.00','10000.00','2.0000','''2025-11-04''','NULL','NULL','NULL','''2025-11-04 02:39:46''','''2025-11-04 02:39:46''','''unpaid''','NULL');

INSERT INTO dividends(id,full_name,sid,investor_code,registration_number,issue_date,address,email,phone,nationality,cntc,txnum,notes,bank_account,bank_name,created_at,updated_at) VALUES('1','''A Tư Đồ Thể Quân''','''240709515211270''','''240709515211270''','''079194035277''','''2021-11-22''','X''33382f3238204e6869c3aa752054c3a26d2c205068c6b0e1bb9d6e6720352c205175e1baad6e20352c205468c3a06e68205068e1bb912048e1bb93204368c3ad204d696e68''','NULL','''0933862522''','''Việt nam''','NULL','NULL','NULL','NULL','NULL','''2025-11-04 02:39:46''','''2025-11-04 02:39:46'''),('2','''AN THÀNH LONG''','''201019127278313''','''201019127278313''','''001094007158''','''2015-12-29''','X''42372042c3a3692043c3a174204c696e682c2043c3a174204c696e682c20c490e1bb916e6720c49061''','''anlong1994(at)gmail.com''','''0967233345''','''Việt nam''','NULL','NULL','NULL','NULL','NULL','''2025-11-04 02:39:46''','''2025-11-04 02:39:46'''),('3','''AN VĂN TƯỞNG''','''210603105791814''','''210603105791814''','''101292263''','''2014-01-20''','X''73c3b4206e68c3a02043332d3033206b687520c491c3b4207468e1bb8b204d6f6e626179207068c6b0e1bb9d6e672068e1bb936e672068e1baa369''','''tuongvmec(at)gmail.com''','''0888892666''','''Việt nam''','NULL','NULL','NULL','NULL','NULL','''2025-11-04 02:39:46''','''2025-11-04 02:39:46'''),('4','''BIỆN XUÂN THÙY DƯƠNG''','''220120129310606''','''220120129310606''','''027184001312''','''2024-11-13''','X''3736362f31342053c6b02056e1baa16e2048e1baa16e682c205031322c205175e1baad6e203130''','''duongbien84@gmail.com''','''0933971181''','''Việt nam''','NULL','NULL','NULL','NULL','NULL','''2025-11-04 02:39:46''','''2025-11-04 02:39:46'''),('5','''Bon Dơng Ru As''','''241007116274975''','''241007116274975''','''068098001006''','''2024-06-12''','X''5468c3b46e20352c20c490e1baa1205361722c204ce1baa1632044c6b0c6a16e672c204cc3a26d20c490e1bb936e67''','''bondongruas05(at)icloud.com''','''0837173873''','''Việt nam''','NULL','NULL','NULL','NULL','NULL','''2025-11-04 02:39:46''','''2025-11-04 02:39:46'''),('6','''BÁ THỊ TRANG''','''230601312561022''','''230601312561022''','''001190053500''','''2023-02-08''','X''43e1bba56d20352c2054c3a26e204ce1baad702c20c490616e205068c6b0e1bba36e672c2048c3a0204ee1bb9969''','NULL','''0869325688''','''Việt nam''','NULL','NULL','NULL','NULL','NULL','''2025-11-04 02:39:46''','''2025-11-04 02:39:46'''),('7','''BÙI ANH TUẤN''','''210817505801393''','''210817505801393''','''036078002506''','''2016-09-14''','X''54e1bb9520332043e1bba56d2031204b68c6b0c6a16e6720c490c3ac6e682c205468616e68205875c3a26e2c2048c3a0204ee1bb9969''','NULL','NULL','''Việt nam''','NULL','NULL','NULL','NULL','NULL','''2025-11-04 02:39:46''','''2025-11-04 02:39:46'''),('8','''BÙI BẮC THÁI''','''240809115671816''','''240809115671816''','''034075012372''','''2021-04-11''','X''47332c2054e1bb9520342c204b70312c20502e5472e1baa36e672044c3a0692c204269c3aa6e2048c3b2612c20c490e1bb936e67204e6169''','''bacthaig3@gmail.com''','''0963675779''','''Việt nam''','NULL','NULL','NULL','NULL','NULL','''2025-11-04 02:39:46''','''2025-11-04 02:39:46'''),('9','''BÙI BẰNG GIANG''','''240325014569493''','''240325014569493''','''019087004622''','''2021-06-27''','X''54e1bb95203137205175616e67205472756e672c2054502e205468c3a169204e677579c3aa6e2c205468c3a169204e677579c3aa6e''','''giangthuylinh.ent(at)gmail.com''','''0399646000''','''Việt nam''','NULL','NULL','NULL','NULL','NULL','''2025-11-04 02:39:46''','''2025-11-04 02:39:46'''),('10','''BÙI CHUNG NGỌC THANH HÀ''','''210326307731955''','''210326307731955''','''079190011697''','''2019-08-12''','X''3131314b312f36422042c38c4e4820c490c3944e472c205031342c2051382c2048434d''','''BUICN.THANHHA(at)GMAIL.COM''','''0983246826''','''Việt nam''','NULL','NULL','NULL','NULL','NULL','''2025-11-04 02:39:46''','''2025-11-04 02:39:46'''),('11','''BÙI DOÃN TẤN''','''230222112068415''','''230222112068415''','''001088047198''','''2021-05-10''','X''43e1bba44d20322d54c3824e204ce1baac502dc490414e205048c6afe1bba24e472d48c380204ee1bb98492c2058c3832054c3824e204ce1baac502c20485559e1bb864e20c490414e205048c6afe1bba24e472c205448c3804e48205048e1bb902048c380204ee1bb9849''','''buitoi1988(at)gmail.com''','''0984221588''','''Việt nam''','NULL','NULL','NULL','NULL','NULL','''2025-11-04 02:39:46''','''2025-11-04 02:39:46'''),('12','''BÙI DUY TUẤN''','''241029116475183''','''241029116475183''','''044081009749''','''2023-05-23''','X''4b68752044c3a26e2063c6b02059c3aa6e205068c3ba2c2054e1bb952031302c2050204e6768c4a961204ce1bb992c205450205175e1baa36e67204e67c3a3692c2054e1bb886e68205175e1baa36e67204e67c3a369''','''tuandbsr(at)gmail.com''','''0916889449''','''Việt nam''','NULL','NULL','NULL','NULL','NULL','''2025-11-04 02:39:46''','''2025-11-04 02:39:46'''),('13','''BÙI HOÀNG AN''','''240920116126227''','''240920116126227''','''035087006699''','''2024-09-09''','X''5068c3b26e67204120333731302e205468c4836e67204c6f6e67206e756d6265722030312e2031383941206b6875e1baa57420647579207469e1babf6e2e2048c3a0204ee1bb9969''','NULL','NULL','''Việt nam''','NULL','NULL','NULL','NULL','NULL','''2025-11-04 02:39:46''','''2025-11-04 02:39:46'''),('14','''BÙI HOÀNG YẾN''','''220106409183568''','''220106409183568''','''001184010495''','''2021-04-21''','X''5669e1bb87742059c3aa6e2c204e67c5a9204869e1bb87702c205468616e68205472c3ac2c2048c3a0204ee1bb9969''','''hoangyen02031984(at)gmail.com''','''0985420681''','''Việt nam''','NULL','NULL','NULL','NULL','NULL','''2025-11-04 02:39:46''','''2025-11-04 02:39:46'''),('15','''BÙI HUY KHÁNH''','''221115011778581''','''221115011778581''','''046089010456''','''2022-09-26''','X''54342d32392e30312c20457374656c6c6120486569676874732c20383820536f6e672048c3a06e682c205068c6b0e1bb9d6e6720416e205068c3ba2c205450205468e1bba720c490e1bba9632c2048e1bb93204368c3ad204d696e68''','NULL','NULL','''Việt nam''','NULL','NULL','NULL','NULL','NULL','''2025-11-04 02:39:46''','''2025-11-04 02:39:46'''),('16','''Đỗ Đức Vịnh''','''210630128149631''','''210630128149631''','''037091006346''','''2020-12-03''','X''5468c3b46e204d69e1bb857520322c2058c3a3204b68c3a16e6820416e2c20487579e1bb876e2059c3aa6e204b68c3a16e682c2054e1bb896e68204e696e682042c3ac6e68''','NULL','''0985910342''','''Việt nam''','NULL','NULL','NULL','NULL','NULL','''2025-11-04 02:39:46''','''2025-11-04 02:39:46'''),('17','''CHANG, HSIN - YI''','''170831306005882''','''170831306005882''','''IB2056''','''2017-08-18''','X''4e6f2e20362c20416c792e2031302c204c6e2e203335302c2059756e6f6e672052642e2c204561737420446973742e2c205461696e616e2043697479203730312c2054616977616e2028522e4f2e432e29''','''vickyc289@hotmail.com''','NULL','''Taiwan (Province of China)''','NULL','NULL','NULL','NULL','NULL','''2025-11-04 02:39:46''','''2025-11-04 02:39:46'''),('18','''CHEN, CHUN - YIN''','''181018126556598''','''181018126556598''','''IB8524''','''2018-10-12''','X''4cc3b420562c204b434e2048e1bb91204e61692c2078c3a32048e1bb91204e616920332c205472e1baa36e6720426f6d2c20c490e1bb936e67204e6169''','''chenchunyin1971(at)gmail.com''','''0963015939''','''Taiwan (Province of China)''','NULL','NULL','NULL','NULL','NULL','''2025-11-04 02:39:46''','''2025-11-04 02:39:46'''),('19','''CHEN, HONGWEI''','''230918513265326''','''230918513265326''','''ID6207''','''2023-09-12''','X''526f6f6d203430322c20556e697420312c204275696c64696e6720382c204865616c746820436f6d6d756e6974792c204e6f2e20372c204d6574656f726f6c6f676963616c20526f61642c204469656361692044697374726963742c204775696c696e20436974792c204775616e6778692c204368696e61''','''34878556(at)qq.com''','''+8613387730813''','''China''','NULL','NULL','NULL','NULL','NULL','''2025-11-04 02:39:46''','''2025-11-04 02:39:46'''),('20','''CHEN, YI - AN''','''221024311706043''','''221024311706043''','''ID3785''','''2022-10-11''','X''37462e2c204e6f2e2032322c2044617965204e2e2052642e2c205765737420446973742e2c205461696368756e67204369747920343033303136202c2054616977616e2028522e4f2e432e29''','''anny.an.chen(at)gmail.com''','''886958043504''','''Taiwan (Province of China)''','NULL','NULL','NULL','NULL','NULL','''2025-11-04 02:39:46''','''2025-11-04 02:39:46'''),('21','''CHIAO, CHIN - YAO''','''210413507801245''','''210413507801245''','''IC7394''','''2021-03-05''','X''32462e2c204e6f2e31352c204c6e2e3234392c2046757975616e2053742e2c205461697065692043697479203130352c2054616977616e''','NULL','NULL','''Taiwan (Province of China)''','NULL','NULL','NULL','NULL','NULL','''2025-11-04 02:39:46''','''2025-11-04 02:39:46'''),('22','''Chew Kok Heng''','''180307106224560''','''180307106224560''','''IB4857''','''2018-03-02''','X''53e1bb91203120c490c6b0e1bb9d6e67204e392c204b4443205068c3ba2048c3b261204de1bb99742c205470205468e1bba72044e1baa775204de1bb99742c2042c3ac6e682044c6b0c6a16e67''','''chewcalvin(at)gmail.com''','''0933233089''','''Singapore''','NULL','NULL','NULL','NULL','NULL','''2025-11-04 02:39:46''','''2025-11-04 02:39:46'''),('23','''Domon Hirofumi''','''191015406872767''','''191015406872767''','''IC2446''','''2019-10-09''','X''31352e3120416e205068c3ba20506c617a61203131372d313139204cc3bd204368c3ad6e68205468e1baaf6e67205374726565742c2057617264372c20446973742e332c2048434d43''','NULL','NULL','''Japan''','NULL','NULL','NULL','NULL','NULL','''2025-11-04 02:39:46''','''2025-11-04 02:39:46'''),('24','''FENG, LIANG-WEN''','''210201407557511''','''210201407557511''','''IC6804''','''2021-01-27''','X''526d2e20332c2034462e2c204e6f2e2032332c2059756875616e672053742e2c204561737420446973742e2c205461696368756e672043697479203430312c2054616977616e2028522e4f2e432e29''','''caseyfeng.l.w@gmail.com''','''0931556356''','''Taiwan (Province of China)''','NULL','NULL','NULL','NULL','NULL','''2025-11-04 02:39:46''','''2025-11-04 02:39:46'''),('25','''HSIEH, I-CHIH''','''230307112103811''','''230307112103811''','''ID4764''','''2023-03-02''','X''4e6f2e203131312c205275696875205374726565742c204e656968752044697374726963742c2054616970656920436974792c2054616977616e28522e4f2e4329''','''s2339956(at)gmail.com''','''+886916316950''','''Taiwan (Province of China)''','NULL','NULL','NULL','NULL','NULL','''2025-11-04 02:39:46''','''2025-11-04 02:39:46'''),('26','''HUANG CHIBANG''','''181211106610166''','''181211106610166''','''IB9074''','''2018-12-10''','X''4e6f2e20353820536f757468205374726565742c204a696368616e672056696c6c6167652c20446f6e6766656e6720546f776e2c205a686f6e677368616e20436974792c204775616e67646f6e672050726f76696e63652c204368696e61''','''281058704(at)qq.com''','''13823977171''','''China''','NULL','NULL','NULL','NULL','NULL','''2025-11-04 02:39:46''','''2025-11-04 02:39:46'''),('27','''Higgins Aaron Keith''','''160203125262303''','''160203125262303''','''IA8038''','''2015-07-10''','X''3136204369747976696577205761792c2053616e4672616e636973636f2043412039343133312c20555341''','''akhiggins(at)gmailcom''','''0''','''United States of America (the)''','NULL','NULL','NULL','NULL','NULL','''2025-11-04 02:39:46''','''2025-11-04 02:39:46'''),('28','''KWON JIYONG''','''200727307170893''','''200727307170893''','''IC4701''','''2020-07-15''','X''436861726d20476f6f642044656e74616c20436c696e69632c203337312c20546f6e67696c2d726f2c2053656f6461656d756e2d67752c2053656f756c2c2030333733302c2052657075626c6963204f66204b6f726561''','''eunhasu76(at)gmail.com''','''821029409579''','''Korea (the Republic of)''','NULL','NULL','NULL','NULL','NULL','''2025-11-04 02:39:46''','''2025-11-04 02:39:46'''),('29','''LEE JINWOO''','''250214417242646''','''250214417242646''','''ID9908''','''2025-02-14''','X''52312d312c204368756e672063c6b020536b7967617264656e2c2053e1bb9120363820c490c6b0e1bb9d6e67205068e1baa16d2056c4836e204e6768e1bb8b2c205068c6b0e1bb9d6e672054c3a26e2050686f6e672c205175e1baad6e20372c205468c3a06e68207068e1bb912048e1bb93204368c3ad204d696e68''','NULL','NULL','''Korea (the Republic of)''','NULL','NULL','NULL','NULL','NULL','''2025-11-04 02:39:46''','''2025-11-04 02:39:46'''),('30','''LI XINPING''','''170428605864073''','''170428605864073''','''IB1040''','''2017-04-17''','X''466c617420313830392031382f4620426c6f636b20412c204b6f726e68696c6c2c20517561727279204261792c20486f6e67204b6f6e67''','''xpli89(at)gmail.com''','''85298332277''','''Hong Kong''','NULL','NULL','NULL','NULL','NULL','''2025-11-04 02:39:46''','''2025-11-04 02:39:46'''),('31','''LIN, SHIH - PING''','''210512107910408''','''210512107910408''','''IC7940''','''2021-04-09''','X''4374792048c6b06e67205468e1bb8b6e682048c3b261205468c3a1692c2073e1bb91203939204e677579e1bb856e205468e1bb8b205468e1baad702c20502e54c3a26e205068c3ba2c205175e1baad6e20372c2054702e48434d''','NULL','NULL','''Taiwan (Province of China)''','NULL','NULL','NULL','NULL','NULL','''2025-11-04 02:39:46''','''2025-11-04 02:39:46'''),('32','''LIU GUOQING''','''170428505864072''','''170428505864072''','''IB1041''','''2017-04-17''','X''466c617420313830392031382f4620426c6f636b20412c204b6f726e68696c6c2c20517561727279204261792c20486f6e67204b6f6e67''','''laomoxiaoyao(at)gmail.com''','''85290912278''','''Hong Kong''','NULL','NULL','NULL','NULL','NULL','''2025-11-04 02:39:46''','''2025-11-04 02:39:46'''),('33','''MUNEMOTO TADANORI''','''220823211461466''','''220823211461466''','''ID3385''','''2022-08-18''','X''3232202d203336204e677579656e204875652042656e204e67686520576172642044697374726963742031''','NULL','NULL','''Japan''','NULL','NULL','NULL','NULL','NULL','''2025-11-04 02:39:46''','''2025-11-04 02:39:46'''),('34','''PRICE NICHOLAS ORION''','''180913406515040''','''180913406515040''','''IB8181''','''2018-09-12''','X''333630302048414c434f4e2052442c2043414d494e4f2c20434120393537303920555341''','''AMADORCAPITALLLC(at)GMAIL.COM''','''0865216185''','''United States of America (the)''','NULL','NULL','NULL','NULL','NULL','''2025-11-04 02:39:46''','''2025-11-04 02:39:46'''),('35','''RASEIDA GASCON SANDAL''','''211201208910097''','''211201208910097''','''ID0440''','''2021-11-30''','X''4171756120342056696e686f6d6573204261736f6e2c205175e1baad6e20312c2048434d''','''rsandal750(at)gmail.com''','''0988507650''','''Philippines (the)''','NULL','NULL','NULL','NULL','NULL','''2025-11-04 02:39:46''','''2025-11-04 02:39:46'''),('36','''SATHIT TAARSA''','''200513107071382''','''200513107071382''','''IC4226''','''2020-05-11''','X''432e5020566965746e616d20436f72706f726174696f6e2c20322c203241205374726565742c204b434e204269656e20486f6120322c204269656e20486f612c20446f6e67204e6169''','NULL','NULL','''Thailand''','NULL','NULL','NULL','NULL','NULL','''2025-11-04 02:39:46''','''2025-11-04 02:39:46'''),('37','''SERNG-ADICHAIWIT THARABODEE''','''111213301115342''','''111213301115342''','''IS9849''','''2008-02-28''','X''372f342059454e20414b415420534f4920312c53415448524e2c2042414e474b4f4b2c20544841494c414e44''','NULL','NULL','''Thailand''','NULL','NULL','NULL','NULL','NULL','''2025-11-04 02:39:46''','''2025-11-04 02:39:46'''),('38','''SHEN, HUI-HUA''','''250211317209737''','''250211317209737''','''ID9871''','''2025-02-11''','X''4e6f2e2031392c2053656374696f6e20322c2043656e7472616c20536f75746820526f61642c20426569746f752044697374726963742c2054616970656920436974792c2054616977616e''','''anli.ind1958(at)gmail.com''','''+886933165112''','''Taiwan (Province of China)''','NULL','NULL','NULL','NULL','NULL','''2025-11-04 02:39:46''','''2025-11-04 02:39:46'''),('39','''YANG DONGSEUK''','''161019125537416''','''161019125537416''','''IA9906''','''2016-10-05''','X''536b7967617264656e2c20334420342d332c20506875204d792048756e672c20446973747269637420372c2048434d432c20566965746e616d''','''loveisfor(at)gmail.com''','''0902014470''','''Korea (the Republic of)''','NULL','NULL','NULL','NULL','NULL','''2025-11-04 02:39:46''','''2025-11-04 02:39:46'''),('40','''YANG, WEIFU''','''240506114790790''','''240506114790790''','''ID7867''','''2024-05-02''','X''526f6f6d203730322c204275696c64696e6720372c204775616e7368616e736875692c2053616e7869616e672c205a686f6e677368616e20436974792c204775616e67646f6e672050726f76696e63652c204368696e61''','''ywf_0321(at)126.com''','''+84368562695''','''China''','NULL','NULL','NULL','NULL','NULL','''2025-11-04 02:39:46''','''2025-11-04 02:39:46'''),('41','''YU, MING - CHIEH''','''221222011309899''','''221222011309899''','''IA6152''','''2013-03-19''','X''426c6f636b2042332c2042332e32332e30312c2048696d204c616d204368e1bba3206ce1bb9b6e2c2073e1bb912034393120c491c6b0e1bb9d6e672048e1baad75204769616e672c205068c6b0e1bb9d6e672031312c205175e1baad6e20362c205468c3a06e68207068e1bb912048e1bb93204368c3ad204d696e68''','''billychicen7@gmail.com''','''0349923013''','''Taiwan (Province of China)''','NULL','NULL','NULL','NULL','NULL','''2025-11-04 02:39:46''','''2025-11-04 02:39:46''');


INSERT INTO land_rental_contracts(id,contract_number,contract_file_path,rental_decision,rental_decision_file_name,rental_decision_file_path,rental_zone,rental_location,rental_purpose,export_tax,land_tax_price,area,rental_period,notes,created_at,updated_at) VALUES('1','''hợp đồng 1''','NULL','''223/QĐ-UBND''','NULL','NULL','''Cao Xanh''','''hạ long''','''thử nghiệm mục đích''','0.0003','10000.00','''{\\"unit\\": \\"m2\\", \\"value\\": \\"20000\\"}''','''{\\"years\\": \\"30\\", \\"end_date\\": \\"2050-11-04\\", \\"start_date\\": \\"2020-11-04\\"}''','NULL','''2025-11-04 02:38:14''','''2025-11-04 03:46:51'''),('2','''hợp đồng 2''','NULL','''223/QĐ-UBND''','NULL','NULL','''hà nam''','''hạ long''','''Xây nhà kho''','0.0003','10000.00','''{\\"unit\\": \\"m2\\", \\"value\\": \\"230000\\"}''','''{\\"years\\": \\"30\\", \\"end_date\\": \\"2054-04-04\\", \\"start_date\\": \\"2024-04-04\\"}''','NULL','''2025-11-04 02:38:51''','''2025-11-04 03:47:02''');


INSERT INTO land_rental_prices(id,land_rental_contract_id,price_decision,price_decision_file_path,price_period,rental_price,note,created_at,updated_at) VALUES('1','1','''Giá thuê thử nghiệm 1''','NULL','''{\\"end\\": \\"2025-11-04\\", \\"start\\": \\"2020-11-04\\", \\"years\\": \\"5\\"}''','20000.00','NULL','''2025-11-04 02:40:30''','''2025-11-04 02:40:30'''),('2','1','''Giá thuê thử nghiệm 2''','NULL','''{\\"end\\": \\"2030-11-05\\", \\"start\\": \\"2025-11-05\\", \\"years\\": \\"5\\"}''','30000.00','NULL','''2025-11-04 02:40:47''','''2025-11-04 02:40:47'''),('4','2','NULL','NULL','''{\\"end\\": \\"2025-04-04\\", \\"start\\": \\"2024-04-04\\", \\"years\\": \\"1\\"}''','23000.00','NULL','''2025-11-04 03:19:49''','''2025-11-04 03:19:49'''),('5','2','NULL','NULL','''{\\"end\\": \\"2030-04-05\\", \\"start\\": \\"2025-04-05\\", \\"years\\": \\"5\\"}''','45000.00','NULL','''2025-11-04 03:20:02''','''2025-11-04 03:20:02''');

INSERT INTO migrations(id,migration,batch) VALUES('1','''2014_10_12_000000_create_users_table''','1'),('2','''2014_10_12_100000_create_password_reset_tokens_table''','1'),('3','''2019_08_19_000000_create_failed_jobs_table''','1'),('4','''2019_12_14_000001_create_personal_access_tokens_table''','1'),('5','''2025_07_06_115248_create_admin_permission_table''','1'),('6','''2025_08_04_012808_create_land_rental_contracts_table''','1'),('7','''2025_08_04_add_rental_purpose_to_land_rental_contracts''','1'),('8','''2025_08_05_000000_create_land_rental_prices_table''','1'),('9','''2025_08_05_084828_create_land_rental_payment_histories_table''','1'),('10','''2025_08_07_085100_create_securities_management_table''','1'),('11','''2025_08_08_000000_create_dividend_table''','1'),('12','''2025_08_08_000001_create_dividend_records_table''','1'),('13','''2025_10_19_073823_create_settings_table''','1');






INSERT INTO securities_management(id,full_name,sid,investor_code,registration_number,issue_date,address,email,phone,nationality,not_deposited_quantity,deposited_quantity,slqmpb_chualk,slqmpb_dalk,cntc,txnum,notes,bank_account,bank_name,created_at,updated_at) VALUES('1','''A Tư Đồ Thể Quân''','NULL','NULL','''079194035277''','''2021-11-22''','X''33382f3238204e6869c3aa752054c3a26d2c205068c6b0e1bb9d6e6720352c205175e1baad6e20352c205468c3a06e68205068e1bb912048e1bb93204368c3ad204d696e68''','''''','''0933862522''','''Viet Nam''','0','5','0','5','''1''','''V628 /2025-QTP/VSDC-ĐK''','X''''','''''','''''','''2025-11-04 02:39:14''','''2025-11-04 02:39:14'''),('2','''AN THÀNH LONG''','NULL','NULL','''001094007158''','''2015-12-29''','X''42372042c3a3692043c3a174204c696e682c2043c3a174204c696e682c20c490e1bb916e6720c49061''','''anlong1994(at)gmail.com''','''0967233345''','''Viet Nam''','0','500','0','500','''1''','''V628 /2025-QTP/VSDC-ĐK''','X''''','''''','''''','''2025-11-04 02:39:14''','''2025-11-04 02:39:14'''),('3','''BÁ THỊ TRANG''','NULL','NULL','''001190053500''','''2023-02-08''','X''43e1bba56d20352c2054c3a26e204ce1baad702c20c490616e205068c6b0e1bba36e672c2048c3a0204ee1bb9969''','''''','''0869325688''','''Viet Nam''','0','2200','0','2200','''1''','''V628 /2025-QTP/VSDC-ĐK''','X''''','''''','''''','''2025-11-04 02:39:14''','''2025-11-04 02:39:14'''),('4','''Bùi Bích Diệp''','NULL','NULL','''022180010437''','''2021-06-28''','X''54e1bb95204b687520342c205068c6b0e1bb9d6e672059e1babf74204b69c3aa752c205468c3a06e68205068e1bb912048e1baa1204c6f6e672c2054e1bb896e68205175e1baa36e67204e696e68''','''dieplinh.meomeo(at)gmail.com''','''0904230231''','''Viet Nam''','0','1','0','1','''1''','''V628 /2025-QTP/VSDC-ĐK''','X''''','''''','''''','''2025-11-04 02:39:14''','''2025-11-04 02:39:14'''),('5','''BÙI BẢO NGỌC''','NULL','NULL','''025087000263''','''2016-09-20''','X''503132613133203132623520477265656e737461722c2043e1bb95204e6875e1babf20312c2042544c2c2048c3a0204ee1bb9969''','''baongoc87(at)gmail.com''','''0985057677''','''Viet Nam''','0','1000','0','1000','''1''','''V628 /2025-QTP/VSDC-ĐK''','X''''','''''','''''','''2025-11-04 02:39:14''','''2025-11-04 02:39:14'''),('6','''BÙI BẮC THÁI''','NULL','NULL','''034075012372''','''2021-04-11''','X''47332c2054e1bb9520342c204b70312c20502e5472e1baa36e672044c3a0692c204269c3aa6e2048c3b2612c20c490e1bb936e67204e6169''','''bacthaig3@gmail.com''','''0963675779''','''Viet Nam''','0','3500','0','3500','''1''','''V628 /2025-QTP/VSDC-ĐK''','X''''','''''','''''','''2025-11-04 02:39:14''','''2025-11-04 02:39:14'''),('7','''BÙI BẰNG GIANG''','NULL','NULL','''019087004622''','''2021-06-27''','X''54e1bb95203137205175616e67205472756e672c2054502e205468c3a169204e677579c3aa6e2c205468c3a169204e677579c3aa6e''','''giangthuylinh.ent(at)gmail.com''','''0399646000''','''Viet Nam''','0','4043','0','4043','''1''','''V628 /2025-QTP/VSDC-ĐK''','X''''','''''','''''','''2025-11-04 02:39:14''','''2025-11-04 02:39:14'''),('8','''BÙI CHUNG NGỌC THANH HÀ''','NULL','NULL','''079190011697''','''2019-08-12''','X''3131314b312f36422042c38c4e4820c490c3944e472c205031342c2051382c2048434d''','''BUICN.THANHHA(at)GMAIL.COM''','''0983246826''','''Viet Nam''','0','400','0','400','''1''','''V628 /2025-QTP/VSDC-ĐK''','X''''','''''','''''','''2025-11-04 02:39:14''','''2025-11-04 02:39:14'''),('9','''Bùi Công Thành''','NULL','NULL','''030082006822''','''2021-12-22''','X''4b485520342d544849205452414e20474941204c4f432d485559454e20474941204c4f432d54494e48204841492044554f4e472d56494554204e414d''','''thanhfbc(at)gmail.com''','''0988559985''','''Viet Nam''','0','600','0','600','''1''','''V628 /2025-QTP/VSDC-ĐK''','X''''','''''','''''','''2025-11-04 02:39:14''','''2025-11-04 02:39:14'''),('11','''BÙI CẢNH THÁI''','NULL','NULL','''001095015598''','''2023-01-29''','X''39322054c394204849e1babe4e205448c3804e482c204cc38a20c490e1baa0492048c3804e482c204841492042c380205452c6af4e472c2048c380204ee1bb9849''','''buicanhthai(at)gmail.com''','''0335359658''','''Viet Nam''','0','6000','0','6000','''1''','''V628 /2025-QTP/VSDC-ĐK''','X''''','''''','''''','''2025-11-04 02:39:14''','''2025-11-04 02:39:14'''),('12','''BÙI DOÃN TẤN''','NULL','NULL','''001088047198''','''2021-05-10''','X''43e1bba44d20322d54c3824e204ce1baac502dc490414e205048c6afe1bba24e472d48c380204ee1bb98492c2058c3832054c3824e204ce1baac502c20485559e1bb864e20c490414e205048c6afe1bba24e472c205448c3804e48205048e1bb902048c380204ee1bb9849''','''buitoi1988(at)gmail.com''','''0984221588''','''Viet Nam''','0','200','0','200','''1''','''V628 /2025-QTP/VSDC-ĐK''','X''''','''''','''''','''2025-11-04 02:39:14''','''2025-11-04 02:39:14'''),('13','''Công ty TNHH Bảo Hiểm Hanwha Life Việt Nam''','NULL','NULL','''51GP/KDBH''','''2008-06-12''','X''54e1baa76e672031342c2046696465636f20546f7765722c2038312d38332d3833422d38352048c3a06d204e6768692c205175e1baad6e20312048434d''','''''','''+84 8 3914 9100''','''Viet Nam''','0','123','0','172000','''2''','''V628 /2025-QTP/VSDC-ĐK''','X''''','''''','''''','''2025-11-04 02:39:14''','''2025-11-04 02:39:14'''),('14','''CÔNG TY TNHH BẢO HIỂM NHÂN THỌ CHUBB VIỆT NAM''','NULL','NULL','''33/GPĐC13/KDBH''','''2016-03-09''','X''54e1baa76e672032312054c3b261206e68c3a02053756e7761682c20313135204e677579e1bb856e204875e1bb872c205175e1baad6e20312c205468c3a06e68207068e1bb912048e1bb93206368c3ad204d696e68''','''''','''''','''Viet Nam''','0','4900','0','56900','''2''','''V628 /2025-QTP/VSDC-ĐK''','X''''','''''','''''','''2025-11-04 02:39:14''','''2025-11-04 02:39:14'''),('15','''CÔNG TY TNHH BẢO HIỂM NHÂN THỌ MB AGEAS''','NULL','NULL','''74/GP/KDBH''','''2016-07-21''','X''54c3b2612056696e61636f6e65782c2053e1bb91203334204cc3a16e672048e1baa12c20502e4cc3a16e672048e1baa12c20512ec490e1bb916e6720c490612c2048c3a0204ee1bb9969''','''''',''',Thảo TVTC''','''Viet Nam''','0','1200','0','6190000','''2''','''V628 /2025-QTP/VSDC-ĐK''','X''''','''''','''''','''2025-11-04 02:39:14''','''2025-11-04 02:39:14'''),('16','''CÔNG TY TNHH DIAMOND HOME SG''','NULL','NULL','''0314491750''','''2017-07-04''','X''393337204855e1bbb24e482054e1baa44e205048c381542c2058c383205048c39a205855c3824e2c20482e4e48c3802042c3882c2054502e48434d''','''ngocthanh2004cr@yahoo.com''','''''','''Viet Nam''','0','200','0','200','''2''','''V628 /2025-QTP/VSDC-ĐK''','X''''','''''','''''','''2025-11-04 02:39:14''','''2025-11-04 02:39:14'''),('17','''Công Ty TNHH Hợp Tác Đầu Tư Sunday''','NULL','NULL','''0110003892''','''2022-05-20''','X''36362f31342056c5a92048e1bbaf752c204e68c3a26e204368c3ad6e68205175e1baad6e205468616e68205875c3a26e2c205468c3a06e68207068e1bb912048c3a0204ee1bb9969''','''hoamrclan9872003(at)gmail.com''','''0972187333''','''Viet Nam''','0','27800','0','27800','''2''','''V628 /2025-QTP/VSDC-ĐK''','X''''','''''','''''','''2025-11-04 02:39:14''','''2025-11-04 02:39:14'''),('18','''Công ty TNHH Quản lý quỹ Bảo Việt''','NULL','NULL','''0100111761-129''','''2005-11-08''','X''54e1baa76e672030352c2073e1bb912038204cc3aa205468c3a1692054e1bb952c207068c6b0e1bb9d6e672048c3a06e67205472e1bb916e672c207175e1baad6e20486fc3a06e204b69e1babf6d2c207468c3a06e68207068e1bb912048c3a0204ee1bb9969''','''''','''''','''Viet Nam''','0','1231','0','127000','''2''','''V628 /2025-QTP/VSDC-ĐK''','X''''','''''','''''','''2025-11-04 02:39:14''','''2025-11-04 02:39:14'''),('20','''CÔNG TY TNHH QUẢN LÝ ĐẦU TƯ AP ALPHA''','NULL','NULL','''0313730533''','''2016-03-31''','X''3232204cc3942032342c20c490c6afe1bb9c4e472053e1bb9020312c204b4855205048e1bb9020322c205048c6afe1bb9c4e47205048c39a204de1bbb82c205155e1baac4e20372c2054502e2048434d2c205649e1bb8654204e414d''','''admin(at)apalpha.com.vn''','''0988834338''','''Viet Nam''','0','32123','0','250800','''2''','''V628 /2025-QTP/VSDC-ĐK''','X''''','''''','''''','''2025-11-04 02:39:14''','''2025-11-04 02:39:14'''),('21','''CÔNG TY TNHH STE VIỆT''','NULL','NULL','''2500596190''','''2018-01-03''','X''4cc3b42045332f31302f32342c204b687520c491c3b4207468e1bb8b204e616d2056c4a96e682059c3aa6e2c205068c6b0e1bb9d6e67204b686169205175616e672c205468c3a06e68207068e1bb912056c4a96e682059c3aa6e2c2054e1bb896e682056c4a96e68205068c3ba632c205669e1bb8774204e616d''','''stevietcompany(at)gmail.com''','''0906170555''','''Viet Nam''','0','32900','0','32900','''2''','''V628 /2025-QTP/VSDC-ĐK''','X''''','''''','''''','''2025-11-04 02:39:14''','''2025-11-04 02:39:14'''),('22','''Công ty TNHH Tuệ Phúc''','NULL','NULL','''0303942715''','''2013-08-16''','X''5068c3b26e6720332e3037206368756e672063c6b02042c3ac6e68205068c3ba20312c20c491c6b0e1bb9d6e672073e1bb912032332c205068c6b0e1bb9d6e672031312c205175e1baad6e20362c2048e1bb93204368c3ad204d696e68''','''''','''''','''Viet Nam''','0','1200','0','1200','''2''','''V628 /2025-QTP/VSDC-ĐK''','X''''','''''','''''','''2025-11-04 02:39:14''','''2025-11-04 02:39:14'''),('23','''CÔNG TY TÀI CHÍNH CỔ PHẦN ĐIỆN LỰC''','NULL','NULL','''0102806367''','''2023-12-26''','X''54e1baa76e672031342c2031352076c3a0203136207468c3a17020422c2054c3b261204e68c3a02045564e2c2073e1bb912031312043e1bbad612042e1baaf632c205068c6b0e1bb9d6e67205472c3ba632042e1baa163682c205175e1baad6e20426120c490c3ac6e682c2054502048c3a0204ee1bb9969''','''cuongpv(at)evnfc.vn''','''0913486888''','''Viet Nam''','0','33572','0','33572','''2''','''V628 /2025-QTP/VSDC-ĐK''','X''''','''''','''''','''2025-11-04 02:39:14''','''2025-11-04 02:39:14'''),('24','''QUY DAU TU TANG TRUONG THANH CONG''','NULL','NULL','''130/GCN-UBCK''','''2024-10-04''','X''35353020415520434f2c205048554f4e472031302c205155414e2054414e2042494e48''','''''','''0909887208''','''Viet Nam''','0','70000','0','70000','''2''','''V628 /2025-QTP/VSDC-ĐK''','X''''','''''','''''','''2025-11-04 02:39:14''','''2025-11-04 02:39:14'''),('25','''QUỸ ĐẦU TƯ CÂN BẰNG TUỆ SÁNG VINACAPITAL''','NULL','NULL','''37/GCN-UBCK''','''2019-07-02''','X''4ce1baa7752031372c2074c3b261206e68c3a12053756e5761682c20313135204e677579e1bb856e204875e1bb872c205175e1baad6e20312c205468c3a06e68207068e1bb912048e1bb93204368c3ad204d696e68''','''''','''''','''Viet Nam''','0','524300','0','524300','''2''','''V628 /2025-QTP/VSDC-ĐK''','X''''','''''','''''','''2025-11-04 02:39:14''','''2025-11-04 02:39:14'''),('26','''QUỸ ĐẦU TƯ CHỌN LỌC PHÚ HƯNG VIỆT NAM''','NULL','NULL','''66/GCN-UBCK''','''2022-11-21''','X''5068c3b26e672073e1bb9120342c2054e1baa76e672032312c2054c3b261206e68c3a0205068c3ba204de1bbb92048c6b06e672c2053e1bb91203820c491c6b0e1bb9d6e6720486fc3a06e672056c4836e205468c3a1692c204b6875207068e1bb9120312c205068c6b0e1bb9d6e672054c3a26e205068c3ba2c205175e1baad6e20372c205468c3a06e68207068e1bb912048e1bb93204368c3ad204d696e68''','''''','''''','''Viet Nam''','0','62300','0','62300','''2''','''V628 /2025-QTP/VSDC-ĐK''','X''''','''''','''''','''2025-11-04 02:39:14''','''2025-11-04 02:39:14'''),('27','''QUỸ ĐẦU TƯ CỔ PHIẾU HƯNG THỊNH VINACAPITAL''','NULL','NULL','''12/GCN-UBCK''','''2014-07-01''','X''4ce1baa7752031372c2074c3b261206e68c3a02053756e205761682c20313135204e677579e1bb856e204875e1bb872c205175e1baad6e20312c205468c3a06e68207068e1bb912048e1bb93204368c3ad204d696e68''','''''','''''','''Viet Nam''','0','60000','0','659000','''2''','''V628 /2025-QTP/VSDC-ĐK''','X''''','''''','''''','''2025-11-04 02:39:14''','''2025-11-04 02:39:14'''),('28','''QUỸ ĐẦU TƯ CỔ PHIẾU TRIỂN VỌNG BẢO VIỆT''','NULL','NULL','''24/GCN-UBCK''','''2016-12-29''','X''54e1baa76e672030352c2073e1bb91203038204cc3aa205468c3a1692054e1bb952c207068c6b0e1bb9d6e672048c3a06e67205472e1bb916e672c207175e1baad6e20486fc3a06e204b69e1babf6d2c207468c3a06e68207068e1bb912048c3a0204ee1bb9969''','''''','''''','''Viet Nam''','0','1122','0','1000000','''2''','''V628 /2025-QTP/VSDC-ĐK''','X''''','''''','''''','''2025-11-04 02:39:14''','''2025-11-04 02:39:14'''),('29','''QUỸ ĐẦU TƯ GIÁ TRỊ MB CAPITAL''','NULL','NULL','''10/GCN-UBCK''','''2014-04-25''','X''54e1baa76e672031322c2074c3b261206e68c3a02073e1bb912032312043c3a174204c696e682c207068c6b0e1bb9d6e672043c3a174204c696e682c207175e1baad6e20c490e1bb916e6720c490612c205468c3a06e68207068e1bb912048c3a0204ee1bb9969''','''''','''''','''Viet Nam''','0','5000','0','950000','''2''','''V628 /2025-QTP/VSDC-ĐK''','X''''','''''','''''','''2025-11-04 02:39:14''','''2025-11-04 02:39:14'''),('30','''QUỸ ĐẦU TƯ THÀNH CÔNG''','NULL','NULL','''72/GCN-UBCK''','''2022-12-29''','X''35353020415520434f2c205048554f4e472031302c2054414e2042494e482c20484f20434849204d494e48''','''''','''0914092229''','''Viet Nam''','0','100000','0','300680','''2''','''V628 /2025-QTP/VSDC-ĐK''','X''''','''''','''''','''2025-11-04 02:39:14''','''2025-11-04 02:39:14'''),('31','''CHEN, CHUN - YIN''','NULL','NULL','''IB8524''','''2018-10-12''','X''4cc3b420562c204b434e2048e1bb91204e61692c2078c3a32048e1bb91204e616920332c205472e1baa36e6720426f6d2c20c490e1bb936e67204e6169''','''chenchunyin1971(at)gmail.com''','''0963015939''','''Taiwan''','0','3000','0','3000','''1''','''V628 /2025-QTP/VSDC-ĐK''','X''''','''''','''''','''2025-11-04 02:39:14''','''2025-11-04 02:39:14'''),('32','''CHEN, YI - AN''','NULL','NULL','''ID3785''','''2022-10-11''','X''37462e2c204e6f2e2032322c2044617965204e2e2052642e2c205765737420446973742e2c205461696368756e67204369747920343033303136202c2054616977616e2028522e4f2e432e29''','''anny.an.chen(at)gmail.com''','''886958043504''','''Taiwan''','0','4500','0','4500','''1''','''V628 /2025-QTP/VSDC-ĐK''','X''''','''''','''''','''2025-11-04 02:39:14''','''2025-11-04 02:39:14'''),('33','''Chew Kok Heng''','NULL','NULL','''IB4857''','''2018-03-02''','X''53e1bb91203120c490c6b0e1bb9d6e67204e392c204b4443205068c3ba2048c3b261204de1bb99742c205470205468e1bba72044e1baa775204de1bb99742c2042c3ac6e682044c6b0c6a16e67''','''chewcalvin(at)gmail.com''','''0933233089''','''Singapore''','0','1000','0','1000','''1''','''V628 /2025-QTP/VSDC-ĐK''','X''''','''''','''''','''2025-11-04 02:39:14''','''2025-11-04 02:39:14'''),('34','''CHIAO, CHIN - YAO''','NULL','NULL','''IC7394''','''2021-03-05''','X''32462e2c204e6f2e31352c204c6e2e3234392c2046757975616e2053742e2c205461697065692043697479203130352c2054616977616e''','''''','''''','''Taiwan''','0','100','0','100','''1''','''V628 /2025-QTP/VSDC-ĐK''','X''''','''''','''''','''2025-11-04 02:39:14''','''2025-11-04 02:39:14'''),('35','''Domon Hirofumi''','NULL','NULL','''IC2446''','''2019-10-09''','X''31352e3120416e205068c3ba20506c617a61203131372d313139204cc3bd204368c3ad6e68205468e1baaf6e67205374726565742c2057617264372c20446973742e332c2048434d43''','''''','''''','''Japan''','0','300','0','300','''1''','''V628 /2025-QTP/VSDC-ĐK''','X''''','''''','''''','''2025-11-04 02:39:14''','''2025-11-04 02:39:14'''),('36','''Higgins Aaron Keith''','NULL','NULL','''IA8038''','''2015-07-10''','X''3136204369747976696577205761792c2053616e4672616e636973636f2043412039343133312c20555341''','''akhiggins(at)gmailcom''','''0''','''USA''','0','100','0','100','''1''','''V628 /2025-QTP/VSDC-ĐK''','X''''','''''','''''','''2025-11-04 02:39:14''','''2025-11-04 02:39:14'''),('37','''HSIEH, I-CHIH''','NULL','NULL','''ID4764''','''2023-03-02''','X''4e6f2e203131312c205275696875205374726565742c204e656968752044697374726963742c2054616970656920436974792c2054616977616e28522e4f2e4329''','''s2339956(at)gmail.com''','''+886916316950''','''Taiwan''','0','200','0','200','''1''','''V628 /2025-QTP/VSDC-ĐK''','X''''','''''','''''','''2025-11-04 02:39:14''','''2025-11-04 02:39:14'''),('38','''HUANG CHIBANG''','NULL','NULL','''IB9074''','''2018-12-10''','X''4e6f2e20353820536f757468205374726565742c204a696368616e672056696c6c6167652c20446f6e6766656e6720546f776e2c205a686f6e677368616e20436974792c204775616e67646f6e672050726f76696e63652c204368696e61''','''281058704(at)qq.com''','''13823977171''','''China''','0','70000','0','70000','''1''','''V628 /2025-QTP/VSDC-ĐK''','X''''','''''','''''','''2025-11-04 02:39:14''','''2025-11-04 02:39:14'''),('39','''KWON JIYONG''','NULL','NULL','''IC4701''','''2020-07-15''','X''436861726d20476f6f642044656e74616c20436c696e69632c203337312c20546f6e67696c2d726f2c2053656f6461656d756e2d67752c2053656f756c2c2030333733302c2052657075626c6963204f66204b6f726561''','''eunhasu76(at)gmail.com''','''821029409579''','''Republic of Korea''','0','2000','0','2000','''1''','''V628 /2025-QTP/VSDC-ĐK''','X''''','''''','''''','''2025-11-04 02:39:14''','''2025-11-04 02:39:14'''),('40','''LEE JINWOO''','NULL','NULL','''ID9908''','''2025-02-14''','X''52312d312c204368756e672063c6b020536b7967617264656e2c2053e1bb9120363820c490c6b0e1bb9d6e67205068e1baa16d2056c4836e204e6768e1bb8b2c205068c6b0e1bb9d6e672054c3a26e2050686f6e672c205175e1baad6e20372c205468c3a06e68207068e1bb912048e1bb93204368c3ad204d696e68''','''''','''''','''Republic of Korea''','0','1000','0','1000','''1''','''V628 /2025-QTP/VSDC-ĐK''','X''''','''''','''''','''2025-11-04 02:39:14''','''2025-11-04 02:39:14'''),('41','''LI XINPING''','NULL','NULL','''IB1040''','''2017-04-17''','X''466c617420313830392031382f4620426c6f636b20412c204b6f726e68696c6c2c20517561727279204261792c20486f6e67204b6f6e67''','''xpli89(at)gmail.com''','''85298332277''','''Hong Kong''','0','2000','0','2000','''1''','''V628 /2025-QTP/VSDC-ĐK''','X''''','''''','''''','''2025-11-04 02:39:14''','''2025-11-04 02:39:14'''),('42','''LIN, SHIH - PING''','NULL','NULL','''IC7940''','''2021-04-09''','X''4374792048c6b06e67205468e1bb8b6e682048c3b261205468c3a1692c2073e1bb91203939204e677579e1bb856e205468e1bb8b205468e1baad702c20502e54c3a26e205068c3ba2c205175e1baad6e20372c2054702e48434d''','''''','''''','''Taiwan''','0','4000','0','4000','''1''','''V628 /2025-QTP/VSDC-ĐK''','X''''','''''','''''','''2025-11-04 02:39:14''','''2025-11-04 02:39:14'''),('43','''LIU GUOQING''','NULL','NULL','''IB1041''','''2017-04-17''','X''466c617420313830392031382f4620426c6f636b20412c204b6f726e68696c6c2c20517561727279204261792c20486f6e67204b6f6e67''','''laomoxiaoyao(at)gmail.com''','''85290912278''','''Hong Kong''','0','1800','0','1800','''1''','''V628 /2025-QTP/VSDC-ĐK''','X''''','''''','''''','''2025-11-04 02:39:14''','''2025-11-04 02:39:14'''),('44','''LIU, RUEI - SHIN''','NULL','NULL','''ID6786''','''2023-11-22''','X''38462e2c204e6f2e31322d31352c205365632e322c205a686f6e6779616e6720532e52642e2c20426569746f7520446973742e2c205461697065692043697479203131323033302c2054616977616e2028522e4f2e432e29''','''''','''''','''Taiwan''','0','100','0','100','''1''','''V628 /2025-QTP/VSDC-ĐK''','X''''','''''','''''','''2025-11-04 02:39:14''','''2025-11-04 02:39:14'''),('45','''OKADA NORIKAZU''','NULL','NULL','''IC1672''','''2019-07-30''','X''39342d322048616b7573616e2c20596f72696b692d63686f2c204b6f6e616e2d7368692c2041696368692d6b656e2c203438332d383135312c204a6170616e2e''','''nyh2433(at)outlook.jp''','''+819087348014''','''Japan''','0','20800','0','20800','''1''','''V628 /2025-QTP/VSDC-ĐK''','X''''','''''','''''','''2025-11-04 02:39:14''','''2025-11-04 02:39:14'''),('46','''PRICE NICHOLAS ORION''','NULL','NULL','''IB8181''','''2018-09-12''','X''333630302048414c434f4e2052442c2043414d494e4f2c20434120393537303920555341''','''AMADORCAPITALLLC(at)GMAIL.COM''','''0865216185''','''USA''','0','2000','0','2000','''1''','''V628 /2025-QTP/VSDC-ĐK''','X''''','''''','''''','''2025-11-04 02:39:14''','''2025-11-04 02:39:14'''),('47','''RASEIDA GASCON SANDAL''','NULL','NULL','''ID0440''','''2021-11-30''','X''4171756120342056696e686f6d6573204261736f6e2c205175e1baad6e20312c2048434d''','''rsandal750(at)gmail.com''','''0988507650''','''Philippines''','0','4500','0','4500','''1''','''V628 /2025-QTP/VSDC-ĐK''','X''''','''''','''''','''2025-11-04 02:39:14''','''2025-11-04 02:39:14'''),('48','''SATHIT TAARSA''','NULL','NULL','''IC4226''','''2020-05-11''','X''432e5020566965746e616d20436f72706f726174696f6e2c20322c203241205374726565742c204b434e204269656e20486f6120322c204269656e20486f612c20446f6e67204e6169''','''''','''''','''Thailand''','0','1000','0','1000','''1''','''V628 /2025-QTP/VSDC-ĐK''','X''''','''''','''''','''2025-11-04 02:39:14''','''2025-11-04 02:39:14'''),('49','''SERNG-ADICHAIWIT THARABODEE''','NULL','NULL','''IS9849''','''2008-02-28''','X''372f342059454e20414b415420534f4920312c53415448524e2c2042414e474b4f4b2c20544841494c414e44''','''''','''''','''Thailand''','0','700','0','700','''1''','''V628 /2025-QTP/VSDC-ĐK''','X''''','''''','''''','''2025-11-04 02:39:14''','''2025-11-04 02:39:14'''),('50','''SHEN, HUI-HUA''','NULL','NULL','''ID9871''','''2025-02-11''','X''4e6f2e2031392c2053656374696f6e20322c2043656e7472616c20536f75746820526f61642c20426569746f752044697374726963742c2054616970656920436974792c2054616977616e''','''anli.ind1958(at)gmail.com''','''+886933165112''','''Taiwan''','0','1000','0','1000','''1''','''V628 /2025-QTP/VSDC-ĐK''','X''''','''''','''''','''2025-11-04 02:39:14''','''2025-11-04 02:39:14'''),('51','''YANG DONGSEUK''','NULL','NULL','''IA9906''','''2016-10-05''','X''536b7967617264656e2c20334420342d332c20506875204d792048756e672c20446973747269637420372c2048434d432c20566965746e616d''','''loveisfor(at)gmail.com''','''0902014470''','''Republic of Korea''','0','100','0','100','''1''','''V628 /2025-QTP/VSDC-ĐK''','X''''','''''','''''','''2025-11-04 02:39:14''','''2025-11-04 02:39:14'''),('52','''YANG, WEIFU''','NULL','NULL','''ID7867''','''2024-05-02''','X''526f6f6d203730322c204275696c64696e6720372c204775616e7368616e736875692c2053616e7869616e672c205a686f6e677368616e20436974792c204775616e67646f6e672050726f76696e63652c204368696e61''','''ywf_0321(at)126.com''','''+84368562695''','''China''','0','1000','0','1000','''1''','''V628 /2025-QTP/VSDC-ĐK''','X''''','''''','''''','''2025-11-04 02:39:14''','''2025-11-04 02:39:14'''),('53','''YU, MING-CHIEH''','NULL','NULL','''IA6152''','''2013-03-19''','X''426c6f636b20423320323330312c2048696d204c616d204368e1bba3204ce1bb9b6e2c2034393120c490c6b0e1bb9d6e672048e1baad75204769616e672c205068c6b0e1bb9d6e672031312c205175e1baad6e20362c205468c3a06e68207068e1bb912048e1bb93204368c3ad204d696e68''','''billychicen(at)gmail.com''','''0764530892''','''Taiwan''','0','1000','0','1000','''1''','''V628 /2025-QTP/VSDC-ĐK''','X''''','''''','''''','''2025-11-04 02:39:14''','''2025-11-04 02:39:14'''),('54','''ACADIAN FRONTIER MARKETS EQUITY FUND''','NULL','NULL','''CA4193''','''2010-06-04''','X''32303020436c6172656e646f6e205374726565742c2035326e6420466c6f6f7220426f73746f6e204d41203032313136''','''0''','''0''','''USA''','0','50000000','0','2423100','''2''','''V628 /2025-QTP/VSDC-ĐK''','X''''','''''','''''','''2025-11-04 02:39:14''','''2025-11-04 02:39:14'''),('55','''BORDIER & CIE (SINGAPORE) LTD.''','NULL','NULL','''CA5622''','''2012-01-13''','X''313338204d61726b657420537472656574202331342d303020436170697461677265656e2053696e6761706f726520303438393436''','''''','''''','''Singapore''','0','74500','0','74500','''2''','''V628 /2025-QTP/VSDC-ĐK''','X''''','''''','''''','''2025-11-04 02:39:14''','''2025-11-04 02:39:14'''),('56','''CÔNG TY CỔ PHẦN QUẢN LÝ QUỸ PHÚ HƯNG''','NULL','NULL','''CC5248''','''2020-09-16''','X''5068c3b26e672073e1bb9120342c2054e1baa76e672032312c2054c3b261206e68c3a0205068c3ba204de1bbb92048c6b06e672c2053e1bb91203820c490c6b0e1bb9d6e6720486fc3a06e672056c4836e205468c3a1692c204b6875207068e1bb9120312c205068c6b0e1bb9d6e672054c3a26e205068c3ba2c205175e1baad6e20372c2054502e48e1bb93204368c3ad204d696e68''','''''','''''','''Việt Nam (áp dụng cho TCKT có NĐTNN nắm giữ trên 50% vốn điều lệ)''','0','10000','0','10000','''2''','''V628 /2025-QTP/VSDC-ĐK''','X''''','''''','''''','''2025-11-04 02:39:14''','''2025-11-04 02:39:14'''),('57','''CÔNG TY TNHH QUẢN LÝ QUỸ THÀNH CÔNG''','NULL','NULL','''CD4986''','''2023-03-30''','X''53e1bb912035353020c382752043c6a12c207068c6b0e1bb9d6e672031302c207175e1baad6e2054c3a26e2042c3ac6e682c2054502e2048434d''','''''','''0909887208''','''Việt Nam (áp dụng cho TCKT có NĐTNN nắm giữ trên 50% vốn điều lệ)''','0','50000','0','50000','''2''','''V628 /2025-QTP/VSDC-ĐK''','X''''','''''','''''','''2025-11-04 02:39:14''','''2025-11-04 02:39:14'''),('58','''CÔNG TY TNHH REGENT INVESTMENTS VIỆT NAM''','NULL','NULL','''CD6211''','''2023-09-12''','X''5068c3b26e67203430332c2074e1baa76e6720342c2074c3b261206e68c3a0204f6365616e205061726b2c2073e1bb91203120c490c3a06f2044757920416e682c207068c6b0e1bb9d6e67205068c6b0c6a16e67204d61692c207175e1baad6e20c490e1bb916e6720c490612c2054502e2048c3a0204ee1bb99692c205669e1bb8774204e616d''','''''','''''','''Việt Nam (áp dụng cho TCKT có NĐTNN nắm giữ trên 50% vốn điều lệ)''','0','160000','0','160000','''2''','''V628 /2025-QTP/VSDC-ĐK''','X''''','''''','''''','''2025-11-04 02:39:14''','''2025-11-04 02:39:14'''),('59','''FINANSIA SYRUS SECURITIES PUBLIC COMPANY LIMITED''','NULL','NULL','''CA3202''','''2009-08-04''','X''392c31322c31342c31352c313720464c4f4f522c20414c4d41204c494e4b204255494c44494e472c20504c4f454e4348495420524f41442c204c554d50494e492c205041545557414e2c2042414e474b4f4b2031303333302c20544841494c414e44''','''FM(at)FNSYRUS.COM''','''+662 658 9500''','''Thailand''','0','761500','0','761500','''2''','''V628 /2025-QTP/VSDC-ĐK''','X''''','''''','''''','''2025-11-04 02:39:14''','''2025-11-04 02:39:14'''),('60','''GLOBAL MACRO CAPITAL OPPORTUNITIES PORTFOLIO''','NULL','NULL','''CA6725''','''2013-12-02''','X''3220496e7465726e6174696f6e616c20506c6163652c20426f73746f6e2c204d41203032313130''','''0''','''0''','''USA''','0','53040','0','53040','''2''','''V628 /2025-QTP/VSDC-ĐK''','X''''','''''','''''','''2025-11-04 02:39:14''','''2025-11-04 02:39:14'''),('61','''INCLUSIF VALUE FUND''','NULL','NULL','''CB1461''','''2017-06-08''','X''466c6f6f7220342c2057696c6c6f7720484f7573652c20437269636b6574205371756172652c204772616e64204361796d616e204b59312d393031302c204361796d616e2049736c616e6473''','''''','''''','''Cayman Islands''','0','31500','0','31500','''2''','''V628 /2025-QTP/VSDC-ĐK''','X''''','''''','''''','''2025-11-04 02:39:14''','''2025-11-04 02:39:14'''),('62','''KRUNGTHAI XSPRING SECURITIES COMPANY LIMITED''','NULL','NULL','''CA4050''','''2010-04-27''','X''3136544820464c4f4f522c204c49424552545920535155415245204255494c44494e472c203238372053494c4f4d20524f41442c2042414e4752414b2c2042414e474b4f4b2031303530302c20544841494c414e44''','''''','''+6626955766''','''Thailand''','0','116500','0','116500','''2''','''V628 /2025-QTP/VSDC-ĐK''','X''''','''''','''''','''2025-11-04 02:39:14''','''2025-11-04 02:39:14''');

INSERT INTO settings(id,title_excel,column_name,`table`,des,created_at,updated_at) VALUES('1','''''','''full_name''','''securities_management''','X''54c3aa6e20c491e1baa77920c491e1bba7206e68c3a020c491e1baa7752074c6b0''','''2025-11-04 00:41:50''','''2025-11-04 00:41:50'''),('2','''''','''sid''','''securities_management''','X''4dc3a320534944206e68c3a020c491e1baa7752074c6b0''','''2025-11-04 00:41:50''','''2025-11-04 00:41:50'''),('3','''''','''investor_code''','''securities_management''','X''4dc3a3206e68c3a020c491e1baa7752074c6b0''','''2025-11-04 00:41:50''','''2025-11-04 00:41:50'''),('4','''''','''registration_number''','''securities_management''','X''53e1bb9120c491c4836e67206bc3bd''','''2025-11-04 00:41:50''','''2025-11-04 00:41:50'''),('5','''''','''issue_date''','''securities_management''','X''4e67c3a079207068c3a1742068c3a06e68''','''2025-11-04 00:41:50''','''2025-11-04 00:41:50'''),('6','''''','''address''','''securities_management''','X''c490e1bb8b61206368e1bb89206e68c3a020c491e1baa7752074c6b0''','''2025-11-04 00:41:50''','''2025-11-04 00:41:50'''),('7','''''','''email''','''securities_management''','X''456d61696c206c69c3aa6e2068e1bb87''','''2025-11-04 00:41:50''','''2025-11-04 00:41:50'''),('8','''''','''phone''','''securities_management''','X''53e1bb9120c49169e1bb876e2074686fe1baa169206c69c3aa6e2068e1bb87''','''2025-11-04 00:41:50''','''2025-11-04 00:41:50'''),('9','''''','''nationality''','''securities_management''','X''5175e1bb91632074e1bb8b6368''','''2025-11-04 00:41:50''','''2025-11-04 00:41:50'''),('10','''''','''not_deposited_quantity''','''securities_management''','X''53e1bb91206cc6b0e1bba36e67206368c6b061206cc6b075206bc3bd''','''2025-11-04 00:41:50''','''2025-11-04 00:41:50'''),('11','''''','''deposited_quantity''','''securities_management''','X''53e1bb91206cc6b0e1bba36e6720c491c3a3206cc6b075206bc3bd''','''2025-11-04 00:41:50''','''2025-11-04 00:41:50'''),('12','''''','''bank_account''','''securities_management''','X''53e1bb912074c3a069206b686fe1baa36e206e67c3a26e2068c3a06e67''','''2025-11-04 00:41:50''','''2025-11-04 00:41:50'''),('13','''''','''bank_name''','''securities_management''','X''54c3aa6e206e67c3a26e2068c3a06e67''','''2025-11-04 00:41:50''','''2025-11-04 00:41:50'''),('14','''''','''bank_branch''','''securities_management''','X''436869206e68c3a16e68206e67c3a26e2068c3a06e67''','''2025-11-04 00:41:50''','''2025-11-04 00:41:50'''),('15','''''','''notes''','''securities_management''','X''476869206368c3ba''','''2025-11-04 00:41:50''','''2025-11-04 00:41:50'''),('16','''''','''status''','''securities_management''','X''5472e1baa16e67207468c3a16920686fe1baa17420c491e1bb996e67''','''2025-11-04 00:41:50''','''2025-11-04 00:41:50''');